model,roc_auc,f1,accuracy
LogisticRegression,0.6287173794586498,0.6047209850241504,0.6183445301425684
LinearSVC,0.6195301958393195,0.6008712937268338,0.611356442221267
